{
    "success:": true,
    "data": {
        "topicList": [{
                "id": 1,
                "title": "社会热点",
                "imgUrl": "https://cdn.jsdelivr.net/gh/akaQiang/CDN/images/touxiang.jpg"
            },
            {
                "id": 2,
                "title": "手绘",
                "imgUrl": "https://cdn.jsdelivr.net/gh/akaQiang/CDN/images/touxiang.jpg"
            },
            {
                "id": 3,
                "title": "简书电影",
                "imgUrl": "https://cdn.jsdelivr.net/gh/akaQiang/CDN/images/touxiang.jpg"
            },
            {
                "id": 4,
                "title": "读书",
                "imgUrl": "https://cdn.jsdelivr.net/gh/akaQiang/CDN/images/touxiang.jpg"
            },
            {
                "id": 5,
                "title": "摄影",
                "imgUrl": "https://cdn.jsdelivr.net/gh/akaQiang/CDN/images/touxiang.jpg"
            },
            {
                "id": 6,
                "title": "旅行在路上",
                "imgUrl": "https://cdn.jsdelivr.net/gh/akaQiang/CDN/images/touxiang.jpg"
            },
            {
                "id": 7,
                "title": "历史",
                "imgUrl": "https://cdn.jsdelivr.net/gh/akaQiang/CDN/images/touxiang.jpg"
            }
        ],
        "articleList": [{
            "id": 1,
            "title": "《纸短情长》民国60余封情书，教我明白什么是真正的爱情",
            "desc": "文 | 卧猫 《纸短情长》这本书，初看封面便爱上了。一女子低垂眼睑，手握书信，白色的花在周围盛开。封面上的文字皆为竖版，文艺范十足。买来之后迫不...",
            "imgUrl": "https://upload-images.jianshu.io/upload_images/7289752-e2c35279dddf7fe9.jpg?imageMogr2/auto-orient/strip|imageView2/1/w/360/h/240"
        }, {
            "id": 2,
            "title": "读《林徽因：人生不过一场绚烂诗事》",
            "desc": "每逢四月，总会想起林徽因的现代诗《你是人间四月天》，这首诗一是为悼念徐志摩，二是为喜迎儿子梁从诫的出生所作。林徽因，比张爱玲大16岁，同为民国奇..",
            "imgUrl": "https://upload-images.jianshu.io/upload_images/9073718-961643f4ce827225.JPG?imageMogr2/auto-orient/strip|imageView2/1/w/360/h/240"
        }, {
            "id": 3,
            "title": "快节奏，慢生活!",
            "desc": "看到5年前一个周末的文字，突然发现现在字怎么写的还不如从前! 快节奏慢， 今天在家体验了一次慢生活。 以往每到周末都会和朋友约上去登山去远足去锻...",
            "imgUrl": "https://upload-images.jianshu.io/upload_images/14924391-076827eb7ad01869.png?imageMogr2/auto-orient/strip|imageView2/1/w/360/h/240"
        }, {
            "id": 4,
            "title": "2020如果你还想做自媒体，这些坑我建议你一定不要踩！",
            "desc": "1.内容定位 如果你在准备做自媒体的时候，没有想好自己要做的内容，而是东做一个西做一个，没有专注某一领域的内容，最终的结果就是浪费了很多时间和精...",
            "imgUrl": "https://upload-images.jianshu.io/upload_images/6171276-3304c2681c7b7995.jpg?imageMogr2/auto-orient/strip|imageView2/1/w/360/h/240"
        }, {
            "id": 5,
            "title": "《纸短情长》民国60余封情书，教我明白什么是真正的爱情",
            "desc": "文 | 卧猫 《纸短情长》这本书，初看封面便爱上了。一女子低垂眼睑，手握书信，白色的花在周围盛开。封面上的文字皆为竖版，文艺范十足。买来之后迫不...",
            "imgUrl": "https://upload-images.jianshu.io/upload_images/7289752-e2c35279dddf7fe9.jpg?imageMogr2/auto-orient/strip|imageView2/1/w/360/h/240"
        }, {
            "id": 6,
            "title": "读《林徽因：人生不过一场绚烂诗事》",
            "desc": "每逢四月，总会想起林徽因的现代诗《你是人间四月天》，这首诗一是为悼念徐志摩，二是为喜迎儿子梁从诫的出生所作。林徽因，比张爱玲大16岁，同为民国奇..",
            "imgUrl": "https://upload-images.jianshu.io/upload_images/9073718-961643f4ce827225.JPG?imageMogr2/auto-orient/strip|imageView2/1/w/360/h/240"
        }, {
            "id": 7,
            "title": "快节奏，慢生活!",
            "desc": "看到5年前一个周末的文字，突然发现现在字怎么写的还不如从前! 快节奏慢， 今天在家体验了一次慢生活。 以往每到周末都会和朋友约上去登山去远足去锻...",
            "imgUrl": "https://upload-images.jianshu.io/upload_images/14924391-076827eb7ad01869.png?imageMogr2/auto-orient/strip|imageView2/1/w/360/h/240"
        }, {
            "id": 8,
            "title": "2020如果你还想做自媒体，这些坑我建议你一定不要踩！",
            "desc": "1.内容定位 如果你在准备做自媒体的时候，没有想好自己要做的内容，而是东做一个西做一个，没有专注某一领域的内容，最终的结果就是浪费了很多时间和精...",
            "imgUrl": "https://upload-images.jianshu.io/upload_images/6171276-3304c2681c7b7995.jpg?imageMogr2/auto-orient/strip|imageView2/1/w/360/h/240"
        }],
        "recommendList": [{
            "id": 1,
            "imgUrl": "https://cdn2.jianshu.io/assets/web/banner-s-club-aa8bdf19f8cf729a759da42e4a96f366.png"
        }, {
            "id": 2,
            "imgUrl": "https://cdn2.jianshu.io/assets/web/banner-s-7-1a0222c91694a1f38e610be4bf9669be.png"
        }, {
            "id": 3,
            "imgUrl": "https://cdn2.jianshu.io/assets/web/banner-s-5-4ba25cf5041931a0ed2062828b4064cb.png"
        }, {
            "id": 4,
            "imgUrl": "https://cdn2.jianshu.io/assets/web/banner-s-6-c4d6335bfd688f2ca1115b42b04c28a7.png"
        }]
    }
}