{
    "success:": true,
    "data": {
        "articleList": [{
            "id": 9,
            "title": "做了这么久的程序员，你知道为什么会有Lambda表达式吗？",
            "desc": "享学课堂特邀作者：老顾转载请声明出处！ 前言 Java8有一些新的特性，今天老顾给大家分享一下关于Lambda表达式的由来，一开始感觉Lambd...",
            "imgUrl": "https://upload-images.jianshu.io/upload_images/15590149-c541bc6f667b8ac4?imageMogr2/auto-orient/strip|imageView2/1/w/300/h/240"
        }, {
            "id": 10,
            "title": "她48岁学画，一年就办个人画展！专家：没艺术价值，是农妇乱涂鸦",
            "desc": "被网友称为天才画家的她说，一定会像种田一样，去认真对待画画，将画画一直画下去。无论是炒作也好，还是偶然的雷同也罢，因为画画而改变了一位农妇的生活...",
            "imgUrl": "https://upload-images.jianshu.io/upload_images/4741933-77158752df1b1c2b.jpeg?imageMogr2/auto-orient/strip|imageView2/1/w/300/h/240"
        }, {
            "id": 11,
            "title": "快节奏，慢生活!",
            "desc": "看到5年前一个周末的文字，突然发现现在字怎么写的还不如从前! 快节奏慢， 今天在家体验了一次慢生活。 以往每到周末都会和朋友约上去登山去远足去锻...",
            "imgUrl": "https://upload-images.jianshu.io/upload_images/14924391-076827eb7ad01869.png?imageMogr2/auto-orient/strip|imageView2/1/w/360/h/240"
        }, {
            "id": 12,
            "title": "2020如果你还想做自媒体，这些坑我建议你一定不要踩！",
            "desc": "1.内容定位 如果你在准备做自媒体的时候，没有想好自己要做的内容，而是东做一个西做一个，没有专注某一领域的内容，最终的结果就是浪费了很多时间和精...",
            "imgUrl": "https://upload-images.jianshu.io/upload_images/6171276-3304c2681c7b7995.jpg?imageMogr2/auto-orient/strip|imageView2/1/w/360/h/240"
        }]
    }
}