{
    "success:": true,
    "data": {
        "writerList": [{
            "id": 1,
            "title": "乔汉童",
            "desc": "写了365.6k字 · 2k喜欢",
            "imgUrl": "https://upload.jianshu.io/users/upload_avatars/5796592/73837104-47e5-4fe9-a5be-054bd50b06f7.jpg?imageMogr2/auto-orient/strip|imageView2/1/w/96/h/96/format/webp"
        }, {
            "id": 2,
            "title": "董克平日记",
            "desc": "写了968.7k字 · 3.8k喜欢",
            "imgUrl": "https://upload.jianshu.io/users/upload_avatars/9988193/fc26c109-1ae6-4327-a298-2def343e9cd8.jpg?imageMogr2/auto-orient/strip|imageView2/1/w/96/h/96/format/webp"
        }, {
            "id": 3,
            "title": "卢璐说",
            "desc": "写了1566.7k字 · 32.1k喜欢",
            "imgUrl": "https://upload.jianshu.io/users/upload_avatars/301940/189d69dd-af7c-4290-9e2c-89e98acf3603.jpg?imageMogr2/auto-orient/strip|imageView2/1/w/96/h/96/format/webp"
        }, {
            "id": 4,
            "title": "Hobbit霍比特人",
            "desc": "写了289.5k字 · 1.1k喜欢",
            "imgUrl": "https://upload.jianshu.io/users/upload_avatars/7133325/f4370cf6-cf4d-4839-9b54-87beaa767d48?imageMogr2/auto-orient/strip|imageView2/1/w/96/h/96/format/webp"
        }, {
            "id": 5,
            "title": "格列柯南",
            "desc": "写了781.2k字 · 44.1k喜欢",
            "imgUrl": "https://upload.jianshu.io/users/upload_avatars/3730494/4a86a2a7-d5b9-47f1-969a-d8ef4711488b.jpg?imageMogr2/auto-orient/strip|imageView2/1/w/96/h/96/format/webp"
        }, {
            "id": 6,
            "title": "Hobbit霍比特人",
            "desc": "写了289.5k字 · 1.1k喜欢",
            "imgUrl": "https://upload.jianshu.io/users/upload_avatars/7133325/f4370cf6-cf4d-4839-9b54-87beaa767d48?imageMogr2/auto-orient/strip|imageView2/1/w/96/h/96/format/webp"
        }]
    }
}